"Номер объекта";"Вид объекта недвижимости";"Кадастровый квартал";"Площадь, кв.м.";"Тип сделки";"Дата сделки";"Дата регистрации/ предложения";"Цена сделки/ предложения, руб.";"Удельная цена сделки/ предложения, руб./кв.м.";"Доля в праве на объект недвижимости";"Назначение/Категория земель";"Разрешенное использование";"Количество надземных этажей";"Подземная этажность";"Ограничения (обременения) вещных прав";"Жилая площадь, кв.м.";"Наименование";"ОКАТО";"Субъект";"Район";"Город";"Населенный пункт";"Улица";"Номер  этажа";"Количество объектов в сделке";"Источник данных";"Организация";"Материал наружных стен";"Год ввода в эксплуатацию";"Год завершения строительства";"Вид жилого помещения в многоквартирном доме";"Тип информации";"Идентификатор записи"
"30380020";"Земельный участок";"65:01:0310003";598;"Договор купли-продажи";"05.2016";"05.2016";630836,00;1054,91;"5/8";"Земли населенных пунктов";;;;"Ипотека";;;"64401000000";"Сахалинская область";;"Южно-Сахалинск";;"Пролетарская";;4;"Из учетных систем Росреестра";"Росреестр";"Не указан";"2006";"Не указан";"Не указан";"Сделка";6472399312
"21887009";"Земельный участок";"65:09:0000016";338,15;"Договор купли-продажи";"04.2016";"05.2016";14080000,00;41638,33;;"Земли населенных пунктов";"Для размещения объектов торговли";;;"Ипотека";;;"64440000000";"Сахалинская область";"Холмский";"Холмск";;;;1;"Из учетных систем Росреестра";"Росреестр";"Не указан";"2007";"Не указан";"Не указан";"Сделка";6472399321
"30380020";"Земельный участок";"65:01:0310003";598;"Договор купли-продажи";"05.2016";"05.2016";630836,00;1054,91;"1/8";"Земли населенных пунктов";;;;"Ипотека";;;"64401000000";"Сахалинская область";;"Южно-Сахалинск";;"Пролетарская";;4;"Из учетных систем Росреестра";"Росреестр";"Не указан";"2006";"Не указан";"Не указан";"Сделка";6472399324
"865172020";"Земельный участок";"65:01:0205006";629;"Договор купли-продажи";"02.2016";"03.2016";200000,00;317,97;;"Земли населенных пунктов";"Для ведения гражданами садоводства и огородничества";;;"Ипотека";;;"64401000000";"Сахалинская область";;"Южно-Сахалинск";;;;1;"Из учетных систем Росреестра";"Росреестр";"Не указан";"2015";"Не указан";"Не указан";"Сделка";6472399327
"53700020";"Земельный участок";"65:01:0205001";997;"Договор купли-продажи";"07.2015";"07.2015";250000,00;250,75;;"Земли населенных пунктов";"Для ведения гражданами садоводства и огородничества";;;"Ипотека";;;"64401000000";"Сахалинская область";;"Южно-Сахалинск";;;;1;"Из учетных систем Росреестра";"Росреестр";"Не указан";"2005";"Не указан";"Не указан";"Сделка";6472399338
"30380020";"Земельный участок";"65:01:0310003";598;"Договор купли-продажи";"05.2016";"05.2016";630836,00;1054,91;"1/8";"Земли населенных пунктов";;;;"Ипотека";;;"64401000000";"Сахалинская область";;"Южно-Сахалинск";;"Пролетарская";;4;"Из учетных систем Росреестра";"Росреестр";"Не указан";"2006";"Не указан";"Не указан";"Сделка";6472399339
"193684020";"Земельный участок";"65:26:0000003";100000;"Договор купли-продажи";"05.2016";"05.2016";13400000,00;134,00;;"Земли сельскохозяйственного назначения";"Для ведения крестьянского (фермерского) хозяйства";;;"Ипотека";;;"64220000000";"Сахалинская область";"Курильский";;;;;1;"Из учетных систем Росреестра";"Росреестр";"Не указан";"2010";"Не указан";"Не указан";"Сделка";6472515312
"30008020";"Земельный участок";"65:01:0503003";1056;"Договор купли-продажи";"05.2016";"05.2016";4700000,00;4450,76;;"Земли населенных пунктов";;;;"Ипотека";;;"64401000000";"Сахалинская область";;"Южно-Сахалинск";;"Боевой Славы";;1;"Из учетных систем Росреестра";"Росреестр";"Не указан";"2005";"Не указан";"Не указан";"Сделка";6472515320
"178940020";"Земельный участок";"65:01:0205008";794;"Договор купли-продажи";"05.2016";"06.2016";1400000,00;1763,22;;"Земли населенных пунктов";"Для ведения гражданами садоводства и огородничества";;;"Ипотека";;;"64401000000";"Сахалинская область";;"Южно-Сахалинск";;;;1;"Из учетных систем Росреестра";"Росреестр";"Не указан";"2009";"Не указан";"Не указан";"Сделка";6472623311
"1820020";"Земельный участок";"65:01:0315003";651;"Договор купли-продажи";"05.2016";"06.2016";4400000,00;6758,83;"1/5";"Земли населенных пунктов";;;;"Ипотека";;;"64401000000";"Сахалинская область";;"Южно-Сахалинск";;;;5;"Из учетных систем Росреестра";"Росреестр";"Не указан";"2002";"Не указан";"Не указан";"Сделка";6472623322
"1820020";"Земельный участок";"65:01:0315003";651;"Договор купли-продажи";"05.2016";"06.2016";4400000,00;6758,83;"1/5";"Земли населенных пунктов";;;;"Ипотека";;;"64401000000";"Сахалинская область";;"Южно-Сахалинск";;;;5;"Из учетных систем Росреестра";"Росреестр";"Не указан";"2002";"Не указан";"Не указан";"Сделка";6472623327
"1820020";"Земельный участок";"65:01:0315003";651;"Договор купли-продажи";"05.2016";"06.2016";4400000,00;6758,83;"1/5";"Земли населенных пунктов";;;;"Ипотека";;;"64401000000";"Сахалинская область";;"Южно-Сахалинск";;;;5;"Из учетных систем Росреестра";"Росреестр";"Не указан";"2002";"Не указан";"Не указан";"Сделка";6472623336
"1820020";"Земельный участок";"65:01:0315003";651;"Договор купли-продажи";"05.2016";"06.2016";4400000,00;6758,83;"1/5";"Земли населенных пунктов";;;;"Ипотека";;;"64401000000";"Сахалинская область";;"Южно-Сахалинск";;;;5;"Из учетных систем Росреестра";"Росреестр";"Не указан";"2002";"Не указан";"Не указан";"Сделка";6472623340
"1820020";"Земельный участок";"65:01:0315003";651;"Договор купли-продажи";"05.2016";"06.2016";4400000,00;6758,83;"1/5";"Земли населенных пунктов";;;;"Ипотека";;;"64401000000";"Сахалинская область";;"Южно-Сахалинск";;;;5;"Из учетных систем Росреестра";"Росреестр";"Не указан";"2002";"Не указан";"Не указан";"Сделка";6472623353
"29153020";"Земельный участок";"65:01:0405002";1000;"Договор купли-продажи";"02.2013";"05.2013";10200000,00;10200,00;;"Земли населенных пунктов";"Для индивидуальной жилой застройки";;;"Без обременения";;;"64401000000";"Сахалинская область";;"Южно-Сахалинск";"Хомутово";"Ермака";;2;"Из учетных систем Росреестра";"Росреестр";"Не указан";"2004";"Не указан";"Не указан";"Сделка";6472935313
"32814020";"Земельный участок";"65:01:0802004";1534;"Договор купли-продажи";"12.2009";"01.2010";1500000,00;977,84;;"Земли населенных пунктов";;;;"Без обременения";;;"64401000000";"Сахалинская область";;"Южно-Сахалинск";"Луговое";;;2;"Из учетных систем Росреестра";"Росреестр";"Не указан";"2006";"Не указан";"Не указан";"Сделка";6472935317
"9960009";"Земельный участок";"65:08:0000030";954;"Договор купли-продажи";"09.2009";"09.2009";640000,00;670,86;;"Земли населенных пунктов";;;;"Без обременения";;;"64254811002";"Сахалинская область";"Холмский";;"Пионеры";"Школьная";;2;"Из учетных систем Росреестра";"Росреестр";"Не указан";"2002";"Не указан";"Не указан";"Сделка";6472935329
"28750009";"Земельный участок";"65:08:0000038";1475;"Договор купли-продажи";"02.2011";"03.2011";50000,00;33,90;;"Земли населенных пунктов";;;;"Без обременения";;;"64254000008";"Сахалинская область";"Холмский";;"Серные Источники";"Набережная";;2;"Из учетных систем Росреестра";"Росреестр";"Не указан";"2009";"Не указан";"Не указан";"Сделка";6472935349
"3280020";"Земельный участок";"65:01:0204006";641;"Договор купли-продажи";"07.2007";"07.2007";1228000,00;1915,76;"1/2";"Земли населенных пунктов";;;;"Без обременения";;;"64401000000";"Сахалинская область";;"Южно-Сахалинск";;"Проточная";;4;"Из учетных систем Росреестра";"Росреестр";"Не указан";"2001";"Не указан";"Не указан";"Сделка";6472935359
"6519009";"Земельный участок";"65:08:0000039";2263;"Договор купли-продажи";"12.2006";"01.2007";214000,00;94,56;;"Земли населенных пунктов";;;;"Без обременения";;;"64254000008";"Сахалинская область";"Холмский";;"Серные Источники";"Набережная";;2;"Из учетных систем Росреестра";"Росреестр";"Не указан";"2004";"Не указан";"Не указан";"Сделка";6472935370
"1407020";"Земельный участок";"65:01:0204006";800;"Договор купли-продажи";"06.2012";"10.2012";1000000,00;1250,00;;"Земли населенных пунктов";;;;"Без обременения";;;"64401000000";"Сахалинская область";;"Южно-Сахалинск";;"Ровный";;2;"Из учетных систем Росреестра";"Росреестр";"Не указан";"2001";"Не указан";"Не указан";"Сделка";6472935378
"52616004";"Земельный участок";"65:03:0000013";1000;"Договор купли-продажи";"05.2016";"06.2016";1600000,00;1600,00;;"Земли населенных пунктов";"Для индивидуальной жилой застройки";;;"Ипотека";;;"64216822001";"Сахалинская область";"Корсаковский";;"Соловьевка";"Зеленая";;2;"Из учетных систем Росреестра";"Росреестр";"Не указан";"2012";"Не указан";"Не указан";"Сделка";6472935379
"3502009";"Земельный участок";"65:08:0000030";1646;"Договор купли-продажи";"11.2011";"11.2011";4500000,00;2733,90;;"Земли населенных пунктов";"Для объектов жилой застройки";;;"Без обременения";;;"64254811002";"Сахалинская область";"Холмский";;"Пионеры";;;2;"Из учетных систем Росреестра";"Росреестр";"Не указан";"2002";"Не указан";"Не указан";"Сделка";6472935385
"1479020";"Земельный участок";"65:01:0315003";880;"Договор купли-продажи";"11.2001";"03.2011";1430000,00;1625,00;;"Земли населенных пунктов";;;;"Без обременения";;;"64401000000";"Сахалинская область";;"Южно-Сахалинск";;"Свободный";;2;"Из учетных систем Росреестра";"Росреестр";"Не указан";"2001";"Не указан";"Не указан";"Сделка";6472935386
"7847009";"Земельный участок";"65:09:0000023";362,91;"Договор купли-продажи";"11.2014";"12.2014";8762000,00;24143,73;;"Земли населенных пунктов";;;;"Ипотека";;;"64440000000";"Сахалинская область";"Холмский";"Холмск";;;;2;"Из учетных систем Росреестра";"Росреестр";"Не указан";"2003";"Не указан";"Не указан";"Сделка";6472935431
"20679004";"Земельный участок";"65:04:0000018";2106;"Договор купли-продажи";"04.2007";"04.2007";163979,17;77,86;;"Земли населенных пунктов";"Для размещения объектов, характерных для населенных пунктов";;;"Без обременения";;;"64415000000";"Сахалинская область";"Корсаковский";"Корсаков";;;;1;"Из учетных систем Росреестра";"Росреестр";"Не указан";"2007";"Не указан";"Не указан";"Сделка";6472935448
"29194009";"Земельный участок";"65:08:0000013";600;"Договор купли-продажи";"01.2010";"01.2010";500000,00;833,33;;"Земли населенных пунктов";"Для индивидуальной жилой застройки";;;"Без обременения";;;"64254000010";"Сахалинская область";"Холмский";;"Чехов";"Парковая";;2;"Из учетных систем Росреестра";"Росреестр";"Не указан";"2009";"Не указан";"Не указан";"Сделка";6472935452
"29331009";"Земельный участок";"65:09:0000008";1588;"Договор купли-продажи";"04.2010";"04.2010";535000,00;336,90;;"Земли населенных пунктов";"Для индивидуальной жилой застройки";;;"Без обременения";;;"64440000000";"Сахалинская область";"Холмский";"Холмск";;"Лесозаводская";;2;"Из учетных систем Росреестра";"Росреестр";"Не указан";"2010";"Не указан";"Не указан";"Сделка";6472935460
"24970009";"Земельный участок";"65:08:0000033";1082;"Договор купли-продажи";"02.2011";"03.2011";500000,00;462,11;;"Земли населенных пунктов";;;;"Без обременения";;;"64254000011";"Сахалинская область";"Холмский";;"Яблочное";"Чехова";;2;"Из учетных систем Росреестра";"Росреестр";"Не указан";"2008";"Не указан";"Не указан";"Сделка";6472935473
"132414020";"Земельный участок";"65:01:1101002";1002;"Договор купли-продажи";"02.2014";"02.2014";2800000,00;2794,41;;"Земли населенных пунктов";"Для объектов жилой застройки";;;"Ипотека";;;"64401000000";"Сахалинская область";;"Южно-Сахалинск";"Лиственничное";;;1;"Из учетных систем Росреестра";"Росреестр";"Не указан";"2007";"Не указан";"Не указан";"Сделка";6472935474
"57148020";"Земельный участок";"65:01:0204006";616;"Договор купли-продажи";"10.2012";"06.2013";400000,00;649,35;;"Земли населенных пунктов";;;;"Без обременения";;;"64401000000";"Сахалинская область";;"Южно-Сахалинск";;;;2;"Из учетных систем Росреестра";"Росреестр";"Не указан";"2002";"Не указан";"Не указан";"Сделка";6472935485
"3280020";"Земельный участок";"65:01:0204006";641;"Договор купли-продажи";"07.2007";"07.2007";1228000,00;1915,76;"1/2";"Земли населенных пунктов";;;;"Без обременения";;;"64401000000";"Сахалинская область";;"Южно-Сахалинск";;"Проточная";;4;"Из учетных систем Росреестра";"Росреестр";"Не указан";"2001";"Не указан";"Не указан";"Сделка";6472935493
"36933009";"Земельный участок";"65:08:0000044";1505;"Договор купли-продажи";"10.2011";"11.2011";30000,00;19,93;;"Земли населенных пунктов";"Для индивидуальной жилой застройки";;;"Без обременения";;;"64254833001";"Сахалинская область";"Холмский";;"Чапланово";"Речная";;2;"Из учетных систем Росреестра";"Росреестр";"Не указан";"2011";"Не указан";"Не указан";"Сделка";6472935539
"31580009";"Земельный участок";"65:08:0000038";655;"Договор купли-продажи";"08.2011";"09.2011";273800,00;418,02;;"Земли населенных пунктов";;;;"Без обременения";;;"64254000008";"Сахалинская область";"Холмский";;"Серные Источники";"Набережная";;2;"Из учетных систем Росреестра";"Росреестр";"Не указан";"2010";"Не указан";"Не указан";"Сделка";6472935541
"52616004";"Земельный участок";"65:03:0000013";1000;"Договор купли-продажи";"05.2016";"06.2016";1600000,00;1600,00;;"Земли населенных пунктов";"Для индивидуальной жилой застройки";;;"Ипотека";;;"64216822001";"Сахалинская область";"Корсаковский";;"Соловьевка";"Зеленая";;2;"Из учетных систем Росреестра";"Росреестр";"Не указан";"2012";"Не указан";"Не указан";"Сделка";6472935545
"209699020";"Земельный участок";"65:01:1001003";1000;"Договор купли-продажи";"06.2016";"06.2016";6440000,00;6440,00;;"Земли населенных пунктов";;;;"Ипотека";;;"64401000000";"Сахалинская область";;"Южно-Сахалинск";;;;1;"Из учетных систем Росреестра";"Росреестр";"Не указан";"2010";"Не указан";"Не указан";"Сделка";6472983563
"5912020";"Земельный участок";"65:01:0315004";800;"Договор купли-продажи";"08.2012";"08.2012";4920000,00;6150,00;"1/2";"Земли населенных пунктов";;;;"Ипотека";;;"64401000000";"Сахалинская область";;"Южно-Сахалинск";;"Родниковая";;2;"Из учетных систем Росреестра";"Росреестр";"Не указан";"2000";"Не указан";"Не указан";"Сделка";6472983575
"64450000";"Земельный участок";"65:10:0000046";700;"Договор купли-продажи";"06.2016";"06.2016";50000,00;71,43;;"Земли населенных пунктов";;;;"Ипотека";;;"64212804001";"Сахалинская область";"Долинский";;"Быков";"Парковая";;1;"Из учетных систем Росреестра";"Росреестр";"Не указан";"2016";"Не указан";"Не указан";"Сделка";6473103319
"56044000";"Земельный участок";"65:22:0000019";600;"Договор купли-продажи";"05.2016";"06.2016";55000,00;91,67;;"Земли населенных пунктов";;;;"Ипотека";;;"64232551000";"Сахалинская область";"Ногликский";;"Ноглики";;;1;"Из учетных систем Росреестра";"Росреестр";"Не указан";"2016";"Не указан";"Не указан";"Сделка";6473141311
"1043013";"Земельный участок";"65:22:0000014";885;"Договор купли-продажи";"04.2014";"04.2014";3900000,00;4406,78;"1/2";"Земли населенных пунктов";"Для ведения личного подсобного хозяйства";;;"Ипотека";;;"64232551000";"Сахалинская область";"Ногликский";;"Ноглики";"Н.Бошняка";;4;"Из учетных систем Росреестра";"Росреестр";"Не указан";"2000";"Не указан";"Не указан";"Сделка";6473141322
"31208020";"Земельный участок";"65:02:0000039";1080;"Договор купли-продажи";"05.2016";"06.2016";30000,00;27,78;;"Земли сельскохозяйственного назначения";;;;"Ипотека";;;"64401000000";"Сахалинская область";;"Южно-Сахалинск";;;;1;"Из учетных систем Росреестра";"Росреестр";"Не указан";"2004";"Не указан";"Не указан";"Сделка";6473141360
"406010";"Земельный участок";"65:05:0000029";1000;"Договор купли-продажи";"06.2016";"06.2016";8000000,00;8000,00;;"Земли населенных пунктов";;;;"Ипотека";;;"64208860001";"Сахалинская область";"Анивский";;"Троицкое";;;1;"Из учетных систем Росреестра";"Росреестр";"Не указан";"2010";"Не указан";"Не указан";"Сделка";6473199340
"404004";"Земельный участок";"65:04:0000011";600;"Договор купли-продажи";"03.2009";"04.2009";2000000,00;3333,33;"1/2";"Земли населенных пунктов";"Для объектов жилой застройки";;;"Без обременения";;;"64415000000";"Сахалинская область";"Корсаковский";"Корсаков";;"Госпитальный";;6;"Из учетных систем Росреестра";"Росреестр";"Не указан";"2001";"Не указан";"Не указан";"Сделка";6473199393
"195910020";"Земельный участок";"65:01:0404001";576;"Договор купли-продажи";"05.2013";"05.2013";1000000,00;1736,11;"1/2";"Земли населенных пунктов";"Для ведения гражданами садоводства и огородничества";;;"Ипотека";;;"64401000000";"Сахалинская область";;"Южно-Сахалинск";;;;2;"Из учетных систем Росреестра";"Росреестр";"Не указан";"2010";"Не указан";"Не указан";"Сделка";6473199478
"21098004";"Земельный участок";"65:04:0000011";427;"Договор купли-продажи";"03.2009";"04.2009";2000000,00;4683,84;"1/2";"Земли населенных пунктов";"Для объектов жилой застройки";;;"Без обременения";;;"64415000000";"Сахалинская область";"Корсаковский";"Корсаков";;"Госпитальный";;6;"Из учетных систем Росреестра";"Росреестр";"Не указан";"2007";"Не указан";"Не указан";"Сделка";6473199612
"11197020";"Земельный участок";;50000;"Договор купли-продажи";"11.1999";"11.1999";700000,00;14,00;;"Категория не установлена";;;;"Без обременения";;;"64208820002";"Сахалинская область";"Анивский";;"Благовещенское";;;1;"Из учетных систем Росреестра";"Росреестр";"Не указан";"1999";"Не указан";"Не указан";"Сделка";6473199676
"4993009";"Земельный участок";"65:09:0000032";948,5;"Договор купли-продажи";"12.2013";"01.2014";8000000,00;8434,37;;"Земли населенных пунктов";;;;"Ипотека";;;"64440000000";"Сахалинская область";"Холмский";"Холмск";;"Школьная";;2;"Из учетных систем Росреестра";"Росреестр";"Не указан";"2003";"Не указан";"Не указан";"Сделка";6473199711
"805004";"Земельный участок";"65:04:0000019";600;"Договор купли-продажи";"12.1999";"02.2000";120000,00;200,00;;"Земли населенных пунктов";;;;"Без обременения";;;"64415000000";"Сахалинская область";"Корсаковский";"Корсаков";;"Гвардейская";;1;"Из учетных систем Росреестра";"Росреестр";"Не указан";"1999";"Не указан";"Не указан";"Сделка";6473199729
"57108020";"Земельный участок";"65:01:0102003";730;"Договор купли-продажи";"06.2016";"06.2016";2800000,00;3835,62;;"Земли населенных пунктов";;;;"Ипотека";;;"64401000000";"Сахалинская область";;"Южно-Сахалинск";;"Колодезная";;1;"Из учетных систем Росреестра";"Росреестр";"Не указан";"2001";"Не указан";"Не указан";"Сделка";6473447328
"8729003";"Земельный участок";"65:11:0000009";1637;"Договор купли-продажи";"06.2016";"06.2016";611952,00;373,83;;"Земли населенных пунктов";;;;"Ипотека";;;"64410000000";"Сахалинская область";"Долинский";"Долинск";;"Островского";;1;"Из учетных систем Росреестра";"Росреестр";"Не указан";"2010";"Не указан";"Не указан";"Сделка";6473447343
"33051004";"Земельный участок";"65:03:0000012";2032;"Договор купли-продажи";"02.2013";"03.2013";100000,00;49,21;;"Земли сельскохозяйственного назначения";"Для ведения гражданами садоводства и огородничества";;;"Без обременения";;;"64216000000";"Сахалинская область";"Корсаковский";;;;;2;"Из учетных систем Росреестра";"Росреестр";"Не указан";"2009";"Не указан";"Не указан";"Сделка";6473447377
"21521004";"Земельный участок";"65:04:0000024";576;"Договор купли-продажи";"06.2010";"07.2010";1900000,00;3298,61;;"Земли населенных пунктов";;;;"Без обременения";;;"64415000000";"Сахалинская область";"Корсаковский";"Корсаков";;"Гастелло";;2;"Из учетных систем Росреестра";"Росреестр";"Не указан";"2007";"Не указан";"Не указан";"Сделка";6473447387
"201791020";"Земельный участок";"65:01:0205001";836;"Договор купли-продажи";"06.2016";"06.2016";350000,00;418,66;;"Земли населенных пунктов";"Для ведения гражданами садоводства и огородничества";;;"Ипотека";;;"64401000000";"Сахалинская область";;"Южно-Сахалинск";;;;1;"Из учетных систем Росреестра";"Росреестр";"Не указан";"2010";"Не указан";"Не указан";"Сделка";6473447401
"99799004";"Земельный участок";"65:04:0000004";600;"Договор купли-продажи";"04.2015";"04.2015";27064,89;45,11;;"Земли населенных пунктов";"Для индивидуальной жилой застройки";;;"Без обременения";;;"64415000000";"Сахалинская область";"Корсаковский";"Корсаков";;"Зеленая";;1;"Из учетных систем Росреестра";"Росреестр";"Не указан";"2014";"Не указан";"Не указан";"Сделка";6473447409
"528049020";"Земельный участок";"65:01:1001004";950;"Договор купли-продажи";"06.2016";"06.2016";1250000,00;1315,79;;"Земли населенных пунктов";"Для индивидуальной жилой застройки";;;"Ипотека";;;"64401000000";"Сахалинская область";;"Южно-Сахалинск";;;;2;"Из учетных систем Росреестра";"Росреестр";"Не указан";"2014";"Не указан";"Не указан";"Сделка";6473447433
"166167020";"Земельный участок";"65:02:0000012";209500;"Договор купли-продажи";"05.2016";"06.2016";11500000,00;54,89;"1/2";"Земли сельскохозяйственного назначения";"Для ведения крестьянского (фермерского) хозяйства";;;"Ипотека";;;"64401000000";"Сахалинская область";;"Южно-Сахалинск";;;;2;"Из учетных систем Росреестра";"Росреестр";"Не указан";"2009";"Не указан";"Не указан";"Сделка";6473447434
"34800004";"Земельный участок";"65:03:0000012";500;"Договор купли-продажи";"10.2012";"10.2012";100000,00;200,00;;"Земли сельскохозяйственного назначения";"Для ведения гражданами садоводства и огородничества";;;"Без обременения";;;"64216000000";"Сахалинская область";"Корсаковский";;;;;2;"Из учетных систем Росреестра";"Росреестр";"Не указан";"2010";"Не указан";"Не указан";"Сделка";6473447448
"528049020";"Земельный участок";"65:01:1001004";950;"Договор купли-продажи";"06.2016";"06.2016";1250000,00;1315,79;;"Земли населенных пунктов";"Для индивидуальной жилой застройки";;;"Ипотека";;;"64401000000";"Сахалинская область";;"Южно-Сахалинск";;;;2;"Из учетных систем Росреестра";"Росреестр";"Не указан";"2014";"Не указан";"Не указан";"Сделка";6473447450
"3216004";"Земельный участок";"65:04:0000045";1000;"Договор купли-продажи";"06.2000";"08.2000";10000,00;10,00;;"Земли населенных пунктов";"Для ведения гражданами садоводства и огородничества";;;"Без обременения";;;"64415000000";"Сахалинская область";"Корсаковский";"Корсаков";;;;1;"Из учетных систем Росреестра";"Росреестр";"Не указан";"2000";"Не указан";"Не указан";"Сделка";6473447462
"39951004";"Земельный участок";"65:03:0000012";1000;"Договор купли-продажи";"09.2011";"10.2011";100000,00;100,00;;"Земли сельскохозяйственного назначения";"Для ведения гражданами садоводства и огородничества";;;"Без обременения";;;"64216000000";"Сахалинская область";"Корсаковский";;;;;2;"Из учетных систем Росреестра";"Росреестр";"Не указан";"2011";"Не указан";"Не указан";"Сделка";6473447488
"166167020";"Земельный участок";"65:02:0000012";209500;"Договор купли-продажи";"05.2016";"06.2016";11500000,00;54,89;"1/2";"Земли сельскохозяйственного назначения";"Для ведения крестьянского (фермерского) хозяйства";;;"Ипотека";;;"64401000000";"Сахалинская область";;"Южно-Сахалинск";;;;2;"Из учетных систем Росреестра";"Росреестр";"Не указан";"2009";"Не указан";"Не указан";"Сделка";6473447498
"201789020";"Земельный участок";"65:01:0205001";797;"Договор купли-продажи";"06.2016";"06.2016";350000,00;439,15;;"Земли населенных пунктов";"Для ведения гражданами садоводства и огородничества";;;"Ипотека";;;"64401000000";"Сахалинская область";;"Южно-Сахалинск";;;;1;"Из учетных систем Росреестра";"Росреестр";"Не указан";"2010";"Не указан";"Не указан";"Сделка";6473447504
"5401000";"Земельный участок";"65:10:0000049";1670;"Договор купли-продажи";"06.2016";"06.2016";417194,00;249,82;"1/3";"Земли населенных пунктов";"Для индивидуальной жилой застройки";;;"Ипотека";;;"64212000000";"Сахалинская область";"Долинский";;;;;3;"Из учетных систем Росреестра";"Росреестр";"Не указан";"2015";"Не указан";"Не указан";"Сделка";6473596263
"49692004";"Земельный участок";"65:03:0000020";808;"Договор купли-продажи";"05.2016";"06.2016";550000,00;680,69;;"Земли сельскохозяйственного назначения";"Для ведения гражданами садоводства и огородничества";;;"Ипотека";;;"64216000000";"Сахалинская область";"Корсаковский";;;;;1;"Из учетных систем Росреестра";"Росреестр";"Не указан";"2012";"Не указан";"Не указан";"Сделка";6473596282
"5401000";"Земельный участок";"65:10:0000049";1670;"Договор купли-продажи";"06.2016";"06.2016";417194,00;249,82;"1/3";"Земли населенных пунктов";"Для индивидуальной жилой застройки";;;"Ипотека";;;"64212000000";"Сахалинская область";"Долинский";;;;;3;"Из учетных систем Росреестра";"Росреестр";"Не указан";"2015";"Не указан";"Не указан";"Сделка";6473596290
"865172020";"Земельный участок";"65:01:0205006";629;"Договор купли-продажи";"06.2016";"06.2016";1800000,00;2861,69;;"Земли населенных пунктов";"Для ведения гражданами садоводства и огородничества";;;"Ипотека";;;"64401000000";"Сахалинская область";;"Южно-Сахалинск";;;;2;"Из учетных систем Росреестра";"Росреестр";"Не указан";"2015";"Не указан";"Не указан";"Сделка";6473596305
"865172020";"Земельный участок";"65:01:0205006";629;"Договор купли-продажи";"06.2016";"06.2016";1800000,00;2861,69;;"Земли населенных пунктов";"Для ведения гражданами садоводства и огородничества";;;"Ипотека";;;"64401000000";"Сахалинская область";;"Южно-Сахалинск";;;;2;"Из учетных систем Росреестра";"Росреестр";"Не указан";"2015";"Не указан";"Не указан";"Сделка";6473596306
"5401000";"Земельный участок";"65:10:0000049";1670;"Договор купли-продажи";"06.2016";"06.2016";417194,00;249,82;"1/3";"Земли населенных пунктов";"Для индивидуальной жилой застройки";;;"Ипотека";;;"64212000000";"Сахалинская область";"Долинский";;;;;3;"Из учетных систем Росреестра";"Росреестр";"Не указан";"2015";"Не указан";"Не указан";"Сделка";6473596326
"30013594374968";"Земельный участок";"65:10:0000036";1200;"Договор купли-продажи";"05.2016";"07.2016";433026,00;360,86;"1/3";"Земли населенных пунктов";;;;"Ипотека";;;"64212824001";"Сахалинская область";"Долинский";;"Сокол";"Южная";;3;"Из учетных систем Росреестра";"Росреестр";"Не указан";"2003";"Не указан";"Не указан";"Сделка";6473738320
"30013594374968";"Земельный участок";"65:10:0000036";1200;"Договор купли-продажи";"05.2016";"07.2016";433026,00;360,86;"1/3";"Земли населенных пунктов";;;;"Ипотека";;;"64212824001";"Сахалинская область";"Долинский";;"Сокол";"Южная";;3;"Из учетных систем Росреестра";"Росреестр";"Не указан";"2003";"Не указан";"Не указан";"Сделка";6473738327
"340035020";"Земельный участок";"65:02:0000040";1500;"Договор купли-продажи";"06.2016";"07.2016";1100000,00;733,33;;"Земли населенных пунктов";"Для ведения крестьянского (фермерского) хозяйства";;;"Ипотека";;;"64401000000";"Сахалинская область";;"Южно-Сахалинск";;;;2;"Из учетных систем Росреестра";"Росреестр";"Не указан";"2013";"Не указан";"Не указан";"Сделка";6473738330
"258125020";"Земельный участок";"65:01:0404001";554;"Договор купли-продажи";"06.2016";"07.2016";1000000,00;1805,05;;"Земли населенных пунктов";"Для ведения гражданами садоводства и огородничества";;;"Ипотека";;;"64401000000";"Сахалинская область";;"Южно-Сахалинск";;;;1;"Из учетных систем Росреестра";"Росреестр";"Не указан";"2012";"Не указан";"Не указан";"Сделка";6473738331
"340035020";"Земельный участок";"65:02:0000040";1500;"Договор купли-продажи";"06.2016";"07.2016";1100000,00;733,33;;"Земли населенных пунктов";"Для ведения крестьянского (фермерского) хозяйства";;;"Ипотека";;;"64401000000";"Сахалинская область";;"Южно-Сахалинск";;;;2;"Из учетных систем Росреестра";"Росреестр";"Не указан";"2013";"Не указан";"Не указан";"Сделка";6473738342
"30013594374968";"Земельный участок";"65:10:0000036";1200;"Договор купли-продажи";"05.2016";"07.2016";433026,00;360,86;"1/3";"Земли населенных пунктов";;;;"Ипотека";;;"64212824001";"Сахалинская область";"Долинский";;"Сокол";"Южная";;3;"Из учетных систем Росреестра";"Росреестр";"Не указан";"2003";"Не указан";"Не указан";"Сделка";6473738349
"42562017";"Земельный участок";"65:19:0000034";713;"Договор купли-продажи";"06.2016";"07.2016";2000000,00;2805,05;"1/2";"Земли населенных пунктов";;;;"Ипотека";;;"64250551000";"Сахалинская область";"Тымовский";;"Тымовское";"Зеленая";;2;"Из учетных систем Росреестра";"Росреестр";"Не указан";"2015";"Не указан";"Не указан";"Сделка";6473862313
"56395000";"Земельный участок";"65:01:0501004";966;"Договор купли-продажи";"07.2016";"07.2016";9300000,00;9627,33;;"Земли населенных пунктов";"Для индивидуальной жилой застройки";;;"Ипотека";;;"64401000000";"Сахалинская область";;"Южно-Сахалинск";;"Корсаковский";;1;"Из учетных систем Росреестра";"Росреестр";"Не указан";"2016";"Не указан";"Не указан";"Сделка";6473862322
"42562017";"Земельный участок";"65:19:0000034";713;"Договор купли-продажи";"06.2016";"07.2016";2000000,00;2805,05;"1/2";"Земли населенных пунктов";;;;"Ипотека";;;"64250551000";"Сахалинская область";"Тымовский";;"Тымовское";"Зеленая";;2;"Из учетных систем Росреестра";"Росреестр";"Не указан";"2015";"Не указан";"Не указан";"Сделка";6473862323
"21445020";"Земельный участок";"65:01:0308001";1360;"Договор купли-продажи";"07.2016";"07.2016";25000000,00;18382,35;;"Земли населенных пунктов";;;;"Ипотека";;;"64401000000";"Сахалинская область";;"Южно-Сахалинск";;;;1;"Из учетных систем Росреестра";"Росреестр";"Не указан";"2002";"Не указан";"Не указан";"Сделка";6473862327
"591623020";"Земельный участок";"65:01:0205006";823;"Договор купли-продажи";"06.2016";"07.2016";400000,00;486,03;;"Земли населенных пунктов";"Для ведения гражданами садоводства и огородничества";;;"Ипотека";;;"64401000000";"Сахалинская область";;"Южно-Сахалинск";;;;1;"Из учетных систем Росреестра";"Росреестр";"Не указан";"2014";"Не указан";"Не указан";"Сделка";6473918855
"860367020";"Земельный участок";"65:01:0404002";854;"Договор купли-продажи";"06.2016";"07.2016";2000000,00;2341,92;;"Земли населенных пунктов";"Для индивидуальной жилой застройки";;;"Ипотека";;;"64401000000";"Сахалинская область";;"Южно-Сахалинск";;;;1;"Из учетных систем Росреестра";"Росреестр";"Не указан";"2015";"Не указан";"Не указан";"Сделка";6473918935
"327040020";"Земельный участок";"65:01:0205011";1160;"Договор купли-продажи";"07.2016";"07.2016";350000,00;301,72;;"Земли населенных пунктов";"Для ведения гражданами садоводства и огородничества";;;"Ипотека";;;"64401000000";"Сахалинская область";;"Южно-Сахалинск";;;;1;"Из учетных систем Росреестра";"Росреестр";"Не указан";"2013";"Не указан";"Не указан";"Сделка";6473918966
"2799004";"Земельный участок";"65:04:0000024";600;"Договор купли-продажи";"10.1999";"10.1999";115000,00;191,67;;"Земли населенных пунктов";;;;"Без обременения";;;"64415000000";"Сахалинская область";"Корсаковский";"Корсаков";;"Толстого";;1;"Из учетных систем Росреестра";"Росреестр";"Не указан";"1999";"Не указан";"Не указан";"Сделка";6473918974
"30019062359109";"Земельный участок";"65:11:0000009";1000;"Договор купли-продажи";"07.2016";"07.2016";2300000,00;2300,00;;"Земли населенных пунктов";;;;"Ипотека";;;"64410000000";"Сахалинская область";"Долинский";"Долинск";;"Островского";;1;"Из учетных систем Росреестра";"Росреестр";"Не указан";"2004";"Не указан";"Не указан";"Сделка";6473918978
"601156020";"Земельный участок";"65:01:0311004";4989;"Договор купли-продажи";"06.2016";"07.2016";450000,00;90,20;;"Земли населенных пунктов";;;;"Ипотека";;;"64401000000";"Сахалинская область";;"Южно-Сахалинск";;"Украинская";;1;"Из учетных систем Росреестра";"Росреестр";"Не указан";"2014";"Не указан";"Не указан";"Сделка";6473918983
"58595000";"Земельный участок";"65:09:0000020";121;"Договор купли-продажи";"06.2016";"07.2016";950000,00;7851,24;;"Земли населенных пунктов";;;;"Ипотека";;;"64440000000";"Сахалинская область";"Холмский";"Холмск";;;;1;"Из учетных систем Росреестра";"Росреестр";"Не указан";"2016";"Не указан";"Не указан";"Сделка";6474003315
"58792020";"Земельный участок";"65:01:0102001";800;"Договор купли-продажи";"07.2016";"07.2016";300000,00;375,00;;"Земли населенных пунктов";;;;"Ипотека";;;"64401000000";"Сахалинская область";;"Южно-Сахалинск";;"Кирпичная";;1;"Из учетных систем Росреестра";"Росреестр";"Не указан";"2004";"Не указан";"Не указан";"Сделка";6474003380
"130487020";"Земельный участок";"65:01:0205007";816;"Договор купли-продажи";"07.2016";"07.2016";2000000,00;2450,98;;"Земли населенных пунктов";"Для ведения гражданами садоводства и огородничества";;;"Ипотека";;;"64401000000";"Сахалинская область";;"Южно-Сахалинск";;;;1;"Из учетных систем Росреестра";"Росреестр";"Не указан";"2007";"Не указан";"Не указан";"Сделка";6474061316
"54613020";"Земельный участок";"65:05:0000034";1500,09;"Договор купли-продажи";"06.2016";"07.2016";1973,00;1,32;"1/3";"Земли населенных пунктов";"Для индивидуальной жилой застройки";;;"Ипотека";;;"64208860001";"Сахалинская область";"Анивский";;"Троицкое";;;3;"Из учетных систем Росреестра";"Росреестр";"Не указан";"2005";"Не указан";"Не указан";"Сделка";6474155318
"54613020";"Земельный участок";"65:05:0000034";1500,09;"Договор купли-продажи";"06.2016";"07.2016";1973,00;1,32;"1/3";"Земли населенных пунктов";"Для индивидуальной жилой застройки";;;"Ипотека";;;"64208860001";"Сахалинская область";"Анивский";;"Троицкое";;;3;"Из учетных систем Росреестра";"Росреестр";"Не указан";"2005";"Не указан";"Не указан";"Сделка";6474155320
"145349004";"Земельный участок";"65:03:0000012";1015;"Договор купли-продажи";"07.2016";"07.2016";1200000,00;1182,27;;"Земли сельскохозяйственного назначения";"Для ведения гражданами садоводства и огородничества";;;"Ипотека";;;"64216822005";"Сахалинская область";"Корсаковский";;"Третья Падь";;;1;"Из учетных систем Росреестра";"Росреестр";"Не указан";"2015";"Не указан";"Не указан";"Сделка";6474155329
"573026020";"Земельный участок";"65:02:0000039";1564;"Договор купли-продажи";"07.2016";"07.2016";550000,00;351,66;;"Земли населенных пунктов";;;;"Ипотека";;;"64401802001";"Сахалинская область";;"Южно-Сахалинск";"Дальнее";"Рассветная";;1;"Из учетных систем Росреестра";"Росреестр";"Не указан";"2014";"Не указан";"Не указан";"Сделка";6474155333
"54613020";"Земельный участок";"65:05:0000034";1500,09;"Договор купли-продажи";"06.2016";"07.2016";1973,00;1,32;"1/3";"Земли населенных пунктов";"Для индивидуальной жилой застройки";;;"Ипотека";;;"64208860001";"Сахалинская область";"Анивский";;"Троицкое";;;3;"Из учетных систем Росреестра";"Росреестр";"Не указан";"2005";"Не указан";"Не указан";"Сделка";6474155334
"29769009";"Земельный участок";"65:09:0000007";1368;"Договор купли-продажи";"07.2016";"07.2016";990000,00;723,68;;"Земли населенных пунктов";;;;"Ипотека";;;"64440000000";"Сахалинская область";"Холмский";"Холмск";;"Набережная";;1;"Из учетных систем Росреестра";"Росреестр";"Не указан";"2010";"Не указан";"Не указан";"Сделка";6474216311
"353020";"Земельный участок";"65:03:0000004";1500;"Договор купли-продажи";"11.1998";"09.2000";2500000,00;1666,67;;"Земли населенных пунктов";"Для индивидуальной жилой застройки";;;"Без обременения";;;"64216811001";"Сахалинская область";"Корсаковский";;"Охотское";"Красноармейская";;1;"Из учетных систем Росреестра";"Росреестр";"Не указан";"2000";"Не указан";"Не указан";"Сделка";6474264320
"28919004";"Земельный участок";"65:04:0000049";600;"Договор купли-продажи";"12.2010";"02.2011";1000,00;1,67;;"Земли населенных пунктов";;;;"Без обременения";;;"64415000000";"Сахалинская область";"Корсаковский";"Корсаков";;"Путинная";;2;"Из учетных систем Росреестра";"Росреестр";"Не указан";"2009";"Не указан";"Не указан";"Сделка";6474264331
"167251020";"Земельный участок";"65:01:0901011";972;"Договор купли-продажи";"07.2016";"07.2016";2700000,00;2777,78;;"Земли населенных пунктов";;;;"Ипотека";;;"64401000000";"Сахалинская область";;"Южно-Сахалинск";"Ново-Александровск";"Институтский";;1;"Из учетных систем Росреестра";"Росреестр";"Не указан";"2009";"Не указан";"Не указан";"Сделка";6474406317
"33293020";"Земельный участок";"65:01:0310003";510;"Договор купли-продажи";"07.2016";"07.2016";2000000,00;3921,57;;"Земли населенных пунктов";;;;"Ипотека";;;"64401000000";"Сахалинская область";;"Южно-Сахалинск";;"Новая";;1;"Из учетных систем Росреестра";"Росреестр";"Не указан";"2005";"Не указан";"Не указан";"Сделка";6474478324
"536207020";"Земельный участок";"65:01:0205003";744;"Договор купли-продажи";"07.2016";"08.2016";600000,00;806,45;;"Земли населенных пунктов";"Для ведения гражданами садоводства и огородничества";;;"Ипотека";;;"64401000000";"Сахалинская область";;"Южно-Сахалинск";;;;1;"Из учетных систем Росреестра";"Росреестр";"Не указан";"2014";"Не указан";"Не указан";"Сделка";6474621817
"140278020";"Земельный участок";"65:01:1001003";1000;"Договор купли-продажи";"07.2016";"08.2016";3224000,00;3224,00;"1/2";"Земли населенных пунктов";;;;"Ипотека";;;"64401000000";"Сахалинская область";;"Южно-Сахалинск";"Лиственничное";;;2;"Из учетных систем Росреестра";"Росреестр";"Не указан";"2008";"Не указан";"Не указан";"Сделка";6474735197
"132991009";"Земельный участок";"65:08:0000036";2993;"Договор купли-продажи";"07.2016";"08.2016";1600000,00;534,58;;"Земли промышленности, энергетики, транспорта";;;;"Ипотека";;;"64440000000";"Сахалинская область";"Холмский";"Холмск";;"Александра Матросова";;1;"Из учетных систем Росреестра";"Росреестр";"Не указан";"2015";"Не указан";"Не указан";"Сделка";6474735200
"200122020";"Земельный участок";"65:02:0000039";1281;"Договор купли-продажи";"06.2016";"08.2016";592500,00;462,53;;"Земли сельскохозяйственного назначения";"Для ведения гражданами садоводства и огородничества";;;"Ипотека";;;"64401000000";"Сахалинская область";;"Южно-Сахалинск";;;;1;"Из учетных систем Росреестра";"Росреестр";"Не указан";"2010";"Не указан";"Не указан";"Сделка";6474735232
"65973000";"Земельный участок";"65:01:0504001";800;"Договор купли-продажи";"07.2016";"08.2016";8600000,00;10750,00;;"Земли населенных пунктов";"Для индивидуальной жилой застройки";;;"Ипотека";;;"64401000000";"Сахалинская область";;"Южно-Сахалинск";;;;1;"Из учетных систем Росреестра";"Росреестр";"Не указан";"2016";"Не указан";"Не указан";"Сделка";6474735239
"161371020";"Земельный участок";"65:01:0201002";1251;"Договор купли-продажи";"07.2016";"08.2016";1000000,00;799,36;;"Земли населенных пунктов";;;;"Ипотека";;;"64401000000";"Сахалинская область";;"Южно-Сахалинск";;;;1;"Из учетных систем Росреестра";"Росреестр";"Не указан";"2008";"Не указан";"Не указан";"Сделка";6474735245
"207086020";"Земельный участок";"65:01:0405004";1500;"Договор купли-продажи";"07.2016";"08.2016";6715000,00;4476,67;;"Земли населенных пунктов";;;;"Ипотека";;;"64401000000";"Сахалинская область";;"Южно-Сахалинск";;;;2;"Из учетных систем Росреестра";"Росреестр";"Не указан";"2010";"Не указан";"Не указан";"Сделка";6474735263
"61597000";"Земельный участок";"65:24:0000020";884;"Договор купли-продажи";"07.2016";"07.2016";100000,00;113,12;"1/2";"Земли населенных пунктов";"Для индивидуальной жилой застройки";;;"Ипотека";;;"64425000000";"Сахалинская область";"Охинский";"Оха";;"Цапко";;2;"Из учетных систем Росреестра";"Росреестр";"Не указан";"2016";"Не указан";"Не указан";"Сделка";6474735264
"308866020";"Земельный участок";"65:01:0316004";734;"Договор купли-продажи";"07.2016";"08.2016";420062,33;572,29;;"Земли населенных пунктов";;;;"Ипотека";;;"64401000000";"Сахалинская область";;"Южно-Сахалинск";;"Бумажная";;1;"Из учетных систем Росреестра";"Росреестр";"Не указан";"2012";"Не указан";"Не указан";"Сделка";6474735267
"61597000";"Земельный участок";"65:24:0000020";884;"Договор купли-продажи";"07.2016";"07.2016";100000,00;113,12;"1/2";"Земли населенных пунктов";"Для индивидуальной жилой застройки";;;"Ипотека";;;"64425000000";"Сахалинская область";"Охинский";"Оха";;"Цапко";;2;"Из учетных систем Росреестра";"Росреестр";"Не указан";"2016";"Не указан";"Не указан";"Сделка";6474735271
"206010";"Земельный участок";"65:05:0000045";1450;"Договор купли-продажи";"07.2016";"08.2016";397000,00;273,79;;"Земли сельскохозяйственного назначения";;;;"Ипотека";;;"64208860001";"Сахалинская область";"Анивский";;"Троицкое";;;1;"Из учетных систем Росреестра";"Росреестр";"Не указан";"2010";"Не указан";"Не указан";"Сделка";6474735275
"325624020";"Земельный участок";"65:01:0316004";1252;"Договор купли-продажи";"07.2016";"08.2016";716509,58;572,29;"619/1000";"Земли населенных пунктов";;;;"Ипотека";;;"64401000000";"Сахалинская область";;"Южно-Сахалинск";;"Бумажная";;1;"Из учетных систем Росреестра";"Росреестр";"Не указан";"2012";"Не указан";"Не указан";"Сделка";6474735286
"325623020";"Земельный участок";"65:01:0316004";49;"Договор купли-продажи";"07.2016";"08.2016";2842,31;58,01;;"Земли населенных пунктов";;;;"Ипотека";;;"64401000000";"Сахалинская область";;"Южно-Сахалинск";;"Бумажная";;1;"Из учетных систем Росреестра";"Росреестр";"Не указан";"2012";"Не указан";"Не указан";"Сделка";6474735297
"140278020";"Земельный участок";"65:01:1001003";1000;"Договор купли-продажи";"07.2016";"08.2016";3224000,00;3224,00;"1/2";"Земли населенных пунктов";;;;"Ипотека";;;"64401000000";"Сахалинская область";;"Южно-Сахалинск";"Лиственничное";;;2;"Из учетных систем Росреестра";"Росреестр";"Не указан";"2008";"Не указан";"Не указан";"Сделка";6474735304
"207086020";"Земельный участок";"65:01:0405004";1500;"Договор купли-продажи";"07.2016";"08.2016";6715000,00;4476,67;;"Земли населенных пунктов";;;;"Ипотека";;;"64401000000";"Сахалинская область";;"Южно-Сахалинск";;;;2;"Из учетных систем Росреестра";"Росреестр";"Не указан";"2010";"Не указан";"Не указан";"Сделка";6474741315
"35582004";"Земельный участок";"65:04:0000033";600;"Договор купли-продажи";"08.2016";"08.2016";300000,00;500,00;;"Земли населенных пунктов";;;;"Ипотека";;;"64415000000";"Сахалинская область";"Корсаковский";"Корсаков";;"Заречный";;1;"Из учетных систем Росреестра";"Росреестр";"Не указан";"2010";"Не указан";"Не указан";"Сделка";6474773662
"7845020";"Земельный участок";"65:01:0205002";543;"Договор купли-продажи";"07.2016";"08.2016";500000,00;920,81;;"Земли населенных пунктов";"Для ведения гражданами садоводства и огородничества";;;"Ипотека";;;"64401000000";"Сахалинская область";;"Южно-Сахалинск";;;;1;"Из учетных систем Росреестра";"Росреестр";"Не указан";"1999";"Не указан";"Не указан";"Сделка";6474862312
"152351020";"Земельный участок";"65:05:0000079";1000;"Договор купли-продажи";"07.2016";"08.2016";594491,56;594,49;;"Земли населенных пунктов";"Для объектов жилой застройки";;;"Ипотека";;;"64208501000";"Сахалинская область";"Анивский";"Анива";;"Заречная";;1;"Из учетных систем Росреестра";"Росреестр";"Не указан";"2008";"Не указан";"Не указан";"Сделка";6474862315
"4073003";"Земельный участок";"65:11:0000007";2017;"Договор купли-продажи";"08.2015";"08.2015";1500000,00;743,68;;"Земли населенных пунктов";;;;"Ипотека";;;"64410000000";"Сахалинская область";"Долинский";"Долинск";;"Кирова";;2;"Из учетных систем Росреестра";"Росреестр";"Не указан";"2007";"Не указан";"Не указан";"Сделка";6474862323
"212302020";"Земельный участок";"65:01:1001011";1014;"Договор купли-продажи";"07.2016";"08.2016";200000,00;197,24;;"Земли населенных пунктов";"Для ведения гражданами садоводства и огородничества";;;"Ипотека";;;"64401000000";"Сахалинская область";;"Южно-Сахалинск";;;;1;"Из учетных систем Росреестра";"Росреестр";"Не указан";"2011";"Не указан";"Не указан";"Сделка";6475059324
"58289004";"Земельный участок";"65:04:0000020";700;"Договор купли-продажи";"06.2016";"08.2016";1103859,47;1576,94;;"Земли населенных пунктов";;;;"Ипотека";;;"64415000000";"Сахалинская область";"Корсаковский";"Корсаков";;"Гвардейский";;1;"Из учетных систем Росреестра";"Росреестр";"Не указан";"2013";"Не указан";"Не указан";"Сделка";6475103317
"58289004";"Земельный участок";"65:04:0000020";700;"Договор купли-продажи";"06.2016";"08.2016";894333,94;1277,62;;"Земли населенных пунктов";;;;"Ипотека";;;"64415000000";"Сахалинская область";"Корсаковский";"Корсаков";;"Гвардейский";;1;"Из учетных систем Росреестра";"Росреестр";"Не указан";"2013";"Не указан";"Не указан";"Сделка";6475103319
"153591020";"Земельный участок";"65:05:0000039";1000;"Договор купли-продажи";"07.2016";"08.2016";2975000,00;2975,00;;"Земли населенных пунктов";"Для индивидуальной жилой застройки";;;"Ипотека";;;"64208860001";"Сахалинская область";"Анивский";;"Троицкое";;;1;"Из учетных систем Росреестра";"Росреестр";"Не указан";"2008";"Не указан";"Не указан";"Сделка";6475103321
"250759020";"Земельный участок";"65:01:0901008";1000;"Договор купли-продажи";"03.2015";"03.2015";3595661,61;3595,66;;"Земли населенных пунктов";"Для индивидуальной жилой застройки";;;"Ипотека";;;"64401000000";"Сахалинская область";;"Южно-Сахалинск";;;;1;"Из учетных систем Росреестра";"Росреестр";"Не указан";"2011";"Не указан";"Не указан";"Сделка";6475193310
"55157000";"Земельный участок";"65:01:0108001";766;"Договор купли-продажи";"07.2016";"08.2016";500000,00;652,74;;"Земли населенных пунктов";;;;"Ипотека";;;"64401000000";"Сахалинская область";;"Южно-Сахалинск";;"Ленина";;1;"Из учетных систем Росреестра";"Росреестр";"Не указан";"2016";"Не указан";"Не указан";"Сделка";6475193314
"174466020";"Земельный участок";"65:01:0205008";1264;"Договор купли-продажи";"08.2016";"08.2016";150000,00;118,67;;"Земли населенных пунктов";"Для ведения гражданами садоводства и огородничества";;;"Ипотека";;;"64401000000";"Сахалинская область";;"Южно-Сахалинск";;;;1;"Из учетных систем Росреестра";"Росреестр";"Не указан";"2009";"Не указан";"Не указан";"Сделка";6475193338
"177424020";"Земельный участок";"65:01:0703001";350;"Договор купли-продажи";"06.2014";"06.2014";23000000,00;65714,29;;"Земли населенных пунктов";"Для размещения объектов торговли";;;"Ипотека";;;"64401000000";"Сахалинская область";;"Южно-Сахалинск";;"Коммунистический";;1;"Из учетных систем Росреестра";"Росреестр";"Не указан";"2009";"Не указан";"Не указан";"Сделка";6475298319
"60101386326290";"Земельный участок";"65:24:0000001";739;"Договор купли-продажи";"08.2016";"08.2016";50000,00;67,66;"1/2";"Земли населенных пунктов";;;;"Ипотека";;;"64425000000";"Сахалинская область";"Охинский";"Оха";;;;2;"Из учетных систем Росреестра";"Росреестр";"Не указан";"2004";"Не указан";"Не указан";"Сделка";6475357967
"60101386326290";"Земельный участок";"65:24:0000001";739;"Договор купли-продажи";"08.2016";"08.2016";50000,00;67,66;"1/2";"Земли населенных пунктов";;;;"Ипотека";;;"64425000000";"Сахалинская область";"Охинский";"Оха";;;;2;"Из учетных систем Росреестра";"Росреестр";"Не указан";"2004";"Не указан";"Не указан";"Сделка";6475357968
"29345020";"Земельный участок";"65:05:0000039";1000;"Договор купли-продажи";"08.2016";"08.2016";2450000,00;2450,00;"1/30";"Земли населенных пунктов";;;;"Ипотека";;;"64208860001";"Сахалинская область";"Анивский";;"Троицкое";;;4;"Из учетных систем Росреестра";"Росреестр";"Не указан";"2006";"Не указан";"Не указан";"Сделка";6475357971
"29345020";"Земельный участок";"65:05:0000039";1000;"Договор купли-продажи";"08.2016";"08.2016";2450000,00;2450,00;"1/30";"Земли населенных пунктов";;;;"Ипотека";;;"64208860001";"Сахалинская область";"Анивский";;"Троицкое";;;4;"Из учетных систем Росреестра";"Росреестр";"Не указан";"2006";"Не указан";"Не указан";"Сделка";6475357977
"29345020";"Земельный участок";"65:05:0000039";1000;"Договор купли-продажи";"08.2016";"08.2016";2450000,00;2450,00;"14/30";"Земли населенных пунктов";;;;"Ипотека";;;"64208860001";"Сахалинская область";"Анивский";;"Троицкое";;;4;"Из учетных систем Росреестра";"Росреестр";"Не указан";"2006";"Не указан";"Не указан";"Сделка";6475357978
"29345020";"Земельный участок";"65:05:0000039";1000;"Договор купли-продажи";"08.2016";"08.2016";2450000,00;2450,00;"14/30";"Земли населенных пунктов";;;;"Ипотека";;;"64208860001";"Сахалинская область";"Анивский";;"Троицкое";;;4;"Из учетных систем Росреестра";"Росреестр";"Не указан";"2006";"Не указан";"Не указан";"Сделка";6475357979
"55138004";"Земельный участок";"65:03:0000013";1000;"Договор купли-продажи";"08.2016";"08.2016";1500000,00;1500,00;;"Земли населенных пунктов";"Для индивидуальной жилой застройки";;;"Ипотека";;;"64216822001";"Сахалинская область";"Корсаковский";;"Соловьевка";"Зеленая";;2;"Из учетных систем Росреестра";"Росреестр";"Не указан";"2013";"Не указан";"Не указан";"Сделка";6475408314
"55138004";"Земельный участок";"65:03:0000013";1000;"Договор купли-продажи";"08.2016";"08.2016";1500000,00;1500,00;;"Земли населенных пунктов";"Для индивидуальной жилой застройки";;;"Ипотека";;;"64216822001";"Сахалинская область";"Корсаковский";;"Соловьевка";"Зеленая";;2;"Из учетных систем Росреестра";"Росреестр";"Не указан";"2013";"Не указан";"Не указан";"Сделка";6475408321
"192442020";"Земельный участок";"65:01:1101003";1221;"Договор купли-продажи";"06.2011";"06.2011";521867,61;427,41;;"Земли населенных пунктов";"Для объектов жилой застройки";;;"Без обременения";;;"64401000000";"Сахалинская область";;"Южно-Сахалинск";;;;4;"Из учетных систем Росреестра";"Росреестр";"Не указан";"2010";"Не указан";"Не указан";"Сделка";6475667310
"192442020";"Земельный участок";"65:01:1101003";1221;"Договор купли-продажи";"12.2014";"09.2016";521867,61;427,41;;"Земли населенных пунктов";"Для объектов жилой застройки";;;"Без обременения";;;"64401000000";"Сахалинская область";;"Южно-Сахалинск";;;;4;"Из учетных систем Росреестра";"Росреестр";"Не указан";"2010";"Не указан";"Не указан";"Сделка";6475667311
"192442020";"Земельный участок";"65:01:1101003";1221;"Договор купли-продажи";"12.2014";"09.2016";2500000,00;2047,50;;"Земли населенных пунктов";"Для объектов жилой застройки";;;"Ипотека";;;"64401000000";"Сахалинская область";;"Южно-Сахалинск";;;;4;"Из учетных систем Росреестра";"Росреестр";"Не указан";"2010";"Не указан";"Не указан";"Сделка";6475667312
"29085004";"Земельный участок";"65:04:0000013";600;"Договор купли-продажи";"08.2016";"09.2016";453026,00;755,04;"1/4";"Земли населенных пунктов";"Для объектов жилой застройки";;;"Ипотека";;;"64415000000";"Сахалинская область";"Корсаковский";"Корсаков";;"Невельская";;4;"Из учетных систем Росреестра";"Росреестр";"Не указан";"2009";"Не указан";"Не указан";"Сделка";6475667315
"29085004";"Земельный участок";"65:04:0000013";600;"Договор купли-продажи";"08.2016";"09.2016";453026,00;755,04;"1/4";"Земли населенных пунктов";"Для объектов жилой застройки";;;"Ипотека";;;"64415000000";"Сахалинская область";"Корсаковский";"Корсаков";;"Невельская";;4;"Из учетных систем Росреестра";"Росреестр";"Не указан";"2009";"Не указан";"Не указан";"Сделка";6475667316
"29085004";"Земельный участок";"65:04:0000013";600;"Договор купли-продажи";"08.2016";"09.2016";453026,00;755,04;"1/4";"Земли населенных пунктов";"Для объектов жилой застройки";;;"Ипотека";;;"64415000000";"Сахалинская область";"Корсаковский";"Корсаков";;"Невельская";;4;"Из учетных систем Росреестра";"Росреестр";"Не указан";"2009";"Не указан";"Не указан";"Сделка";6475667317
"53914020";"Земельный участок";"65:01:0204003";18438;"Договор купли-продажи";"08.2016";"08.2016";80000000,00;4338,87;;"Земли населенных пунктов";;;;"Ипотека";;;"64401000000";"Сахалинская область";;"Южно-Сахалинск";;"Холмская";;5;"Из учетных систем Росреестра";"Росреестр";"Не указан";"2002";"Не указан";"Не указан";"Сделка";6475667318
"192442020";"Земельный участок";"65:01:1101003";1221;"Договор купли-продажи";"06.2011";"06.2011";2500000,00;2047,50;;"Земли населенных пунктов";"Для объектов жилой застройки";;;"Ипотека";;;"64401000000";"Сахалинская область";;"Южно-Сахалинск";;;;4;"Из учетных систем Росреестра";"Росреестр";"Не указан";"2010";"Не указан";"Не указан";"Сделка";6475667321
"29085004";"Земельный участок";"65:04:0000013";600;"Договор купли-продажи";"08.2016";"09.2016";453026,00;755,04;"1/4";"Земли населенных пунктов";"Для объектов жилой застройки";;;"Ипотека";;;"64415000000";"Сахалинская область";"Корсаковский";"Корсаков";;"Невельская";;4;"Из учетных систем Росреестра";"Росреестр";"Не указан";"2009";"Не указан";"Не указан";"Сделка";6475667326
"209950020";"Земельный участок";"65:01:0602008";662;"Договор купли-продажи";"08.2016";"09.2016";10500000,00;15861,03;;"Земли населенных пунктов";;;;"Ипотека";;;"64401000000";"Сахалинская область";;"Южно-Сахалинск";;"Алексея Максимовича Горького";;1;"Из учетных систем Росреестра";"Росреестр";"Не указан";"2010";"Не указан";"Не указан";"Сделка";6475667329
"134305020";"Земельный участок";"65:01:0801004";1384;"Договор купли-продажи";"08.2016";"09.2016";6400000,00;4624,28;"1/2";"Земли населенных пунктов";"Для индивидуальной жилой застройки";;;"Ипотека";;;"64401000000";"Сахалинская область";;"Южно-Сахалинск";"Луговое";;;2;"Из учетных систем Росреестра";"Росреестр";"Не указан";"2007";"Не указан";"Не указан";"Сделка";6475720313
"134305020";"Земельный участок";"65:01:0801004";1384;"Договор купли-продажи";"08.2016";"09.2016";848120,68;612,80;"1/2";"Земли населенных пунктов";"Для индивидуальной жилой застройки";;;"Ипотека";;;"64401000000";"Сахалинская область";;"Южно-Сахалинск";"Луговое";;;2;"Из учетных систем Росреестра";"Росреестр";"Не указан";"2007";"Не указан";"Не указан";"Сделка";6475720320
"134305020";"Земельный участок";"65:01:0801004";1384;"Договор купли-продажи";"08.2016";"09.2016";6400000,00;4624,28;"1/2";"Земли населенных пунктов";"Для индивидуальной жилой застройки";;;"Ипотека";;;"64401000000";"Сахалинская область";;"Южно-Сахалинск";"Луговое";;;2;"Из учетных систем Росреестра";"Росреестр";"Не указан";"2007";"Не указан";"Не указан";"Сделка";6475720324
"134305020";"Земельный участок";"65:01:0801004";1384;"Договор купли-продажи";"08.2016";"09.2016";848120,68;612,80;"1/2";"Земли населенных пунктов";"Для индивидуальной жилой застройки";;;"Ипотека";;;"64401000000";"Сахалинская область";;"Южно-Сахалинск";"Луговое";;;2;"Из учетных систем Росреестра";"Росреестр";"Не указан";"2007";"Не указан";"Не указан";"Сделка";6475720326
"235164020";"Земельный участок";"65:01:1001021";1500;"Договор купли-продажи";"08.2016";"09.2016";430000,00;286,67;;"Земли населенных пунктов";"Для ведения гражданами садоводства и огородничества";;;"Ипотека";;;"64401000000";"Сахалинская область";;"Южно-Сахалинск";;;;1;"Из учетных систем Росреестра";"Росреестр";"Не указан";"2011";"Не указан";"Не указан";"Сделка";6475834322
"4730010";"Земельный участок";"65:05:0000041";1200;"Договор купли-продажи";"08.2016";"09.2016";6050000,00;5041,67;"1/2";"Земли населенных пунктов";"Для индивидуальной жилой застройки";;;"Ипотека";;;"64208860001";"Сахалинская область";"Анивский";;"Троицкое";"Кленовая";;2;"Из учетных систем Росреестра";"Росреестр";"Не указан";"2011";"Не указан";"Не указан";"Сделка";6475834328
"4730010";"Земельный участок";"65:05:0000041";1200;"Договор купли-продажи";"08.2016";"09.2016";6050000,00;5041,67;"1/2";"Земли населенных пунктов";"Для индивидуальной жилой застройки";;;"Ипотека";;;"64208860001";"Сахалинская область";"Анивский";;"Троицкое";"Кленовая";;2;"Из учетных систем Росреестра";"Росреестр";"Не указан";"2011";"Не указан";"Не указан";"Сделка";6475834336
"52798004";"Земельный участок";"65:04:0000005";600;"Договор купли-продажи";"08.2012";"09.2012";359191,99;598,65;"1/3";"Земли населенных пунктов";;;;"Ипотека";;;"64415000000";"Сахалинская область";"Корсаковский";"Корсаков";;;;3;"Из учетных систем Росреестра";"Росреестр";"Не указан";"2012";"Не указан";"Не указан";"Сделка";6475937348
"52798004";"Земельный участок";"65:04:0000005";600;"Договор купли-продажи";"08.2012";"09.2012";359191,99;598,65;"1/3";"Земли населенных пунктов";;;;"Ипотека";;;"64415000000";"Сахалинская область";"Корсаковский";"Корсаков";;;;3;"Из учетных систем Росреестра";"Росреестр";"Не указан";"2012";"Не указан";"Не указан";"Сделка";6475937353
"52798004";"Земельный участок";"65:04:0000005";600;"Договор купли-продажи";"08.2012";"09.2012";359191,99;598,65;"1/3";"Земли населенных пунктов";;;;"Ипотека";;;"64415000000";"Сахалинская область";"Корсаковский";"Корсаков";;;;3;"Из учетных систем Росреестра";"Росреестр";"Не указан";"2012";"Не указан";"Не указан";"Сделка";6475937354
"55997004";"Земельный участок";"65:04:0000014";600;"Договор купли-продажи";"08.2016";"09.2016";631952,00;1053,25;"1/4";"Земли населенных пунктов";;;;"Ипотека";;;"64415000000";"Сахалинская область";"Корсаковский";"Корсаков";;"Корсаковская";;4;"Из учетных систем Росреестра";"Росреестр";"Не указан";"2013";"Не указан";"Не указан";"Сделка";6475937357
"55997004";"Земельный участок";"65:04:0000014";600;"Договор купли-продажи";"08.2016";"09.2016";631952,00;1053,25;"1/4";"Земли населенных пунктов";;;;"Ипотека";;;"64415000000";"Сахалинская область";"Корсаковский";"Корсаков";;"Корсаковская";;4;"Из учетных систем Росреестра";"Росреестр";"Не указан";"2013";"Не указан";"Не указан";"Сделка";6475937360
"55997004";"Земельный участок";"65:04:0000014";600;"Договор купли-продажи";"08.2016";"09.2016";631952,00;1053,25;"1/4";"Земли населенных пунктов";;;;"Ипотека";;;"64415000000";"Сахалинская область";"Корсаковский";"Корсаков";;"Корсаковская";;4;"Из учетных систем Росреестра";"Росреестр";"Не указан";"2013";"Не указан";"Не указан";"Сделка";6475937362
"55997004";"Земельный участок";"65:04:0000014";600;"Договор купли-продажи";"08.2016";"09.2016";631952,00;1053,25;"1/4";"Земли населенных пунктов";;;;"Ипотека";;;"64415000000";"Сахалинская область";"Корсаковский";"Корсаков";;"Корсаковская";;4;"Из учетных систем Росреестра";"Росреестр";"Не указан";"2013";"Не указан";"Не указан";"Сделка";6475937364
"1643004";"Земельный участок";"65:04:0000041";600;"Договор купли-продажи";"11.2000";"12.2000";84000,00;140,00;;"Земли населенных пунктов";;;;"Без обременения";;;"64415000000";"Сахалинская область";"Корсаковский";"Корсаков";;"Артиллерийский";;1;"Из учетных систем Росреестра";"Росреестр";"Не указан";"2000";"Не указан";"Не указан";"Сделка";6475992314
"126222020";"Земельный участок";"65:02:0000012";146839;"Договор купли-продажи";"02.2014";"02.2014";3500000,00;23,84;;"Земли населенных пунктов";;;;"Ипотека";;;"64401000000";"Сахалинская область";;"Южно-Сахалинск";;;;2;"Из учетных систем Росреестра";"Росреестр";"Не указан";"2010";"Не указан";"Не указан";"Сделка";6475992321
"196004020";"Земельный участок";"65:02:0000011";1072;"Договор купли-продажи";"08.2016";"09.2016";459000,00;428,17;;"Земли сельскохозяйственного назначения";"Для ведения гражданами садоводства и огородничества";;;"Ипотека";;;"64401000000";"Сахалинская область";;"Южно-Сахалинск";;;;1;"Из учетных систем Росреестра";"Росреестр";"Не указан";"2010";"Не указан";"Не указан";"Сделка";6476171581
"50088020";"Земельный участок";"65:01:0405003";5632;"Договор купли-продажи";"12.2015";"12.2015";30000000,00;5326,70;;"Земли населенных пунктов";;;;"Ипотека";;;"64401000000";"Сахалинская область";;"Южно-Сахалинск";;"Ленина";;1;"Из учетных систем Росреестра";"Росреестр";"Не указан";"2004";"Не указан";"Не указан";"Сделка";6476223313
"50088020";"Земельный участок";"65:01:0405003";5632;"Договор купли-продажи";"04.2014";"04.2014";30000000,00;5326,70;;"Земли населенных пунктов";;;;"Ипотека";;;"64401000000";"Сахалинская область";;"Южно-Сахалинск";;"Ленина";;1;"Из учетных систем Росреестра";"Росреестр";"Не указан";"2004";"Не указан";"Не указан";"Сделка";6476223314
"50088020";"Земельный участок";"65:01:0405003";5632;"Договор купли-продажи";"05.2016";"06.2016";35000000,00;6214,49;;"Земли населенных пунктов";;;;"Ипотека";;;"64401000000";"Сахалинская область";;"Южно-Сахалинск";;"Ленина";;1;"Из учетных систем Росреестра";"Росреестр";"Не указан";"2004";"Не указан";"Не указан";"Сделка";6476223316
"50088020";"Земельный участок";"65:01:0405003";5632;"Договор купли-продажи";"01.2015";"01.2015";30000000,00;5326,70;;"Земли населенных пунктов";;;;"Ипотека";;;"64401000000";"Сахалинская область";;"Южно-Сахалинск";;"Ленина";;1;"Из учетных систем Росреестра";"Росреестр";"Не указан";"2004";"Не указан";"Не указан";"Сделка";6476223317
"50088020";"Земельный участок";"65:01:0405003";5632;"Договор купли-продажи";"09.2015";"09.2015";45000000,00;7990,06;;"Земли населенных пунктов";;;;"Ипотека";;;"64401000000";"Сахалинская область";;"Южно-Сахалинск";;"Ленина";;1;"Из учетных систем Росреестра";"Росреестр";"Не указан";"2004";"Не указан";"Не указан";"Сделка";6476223321
"50088020";"Земельный участок";"65:01:0405003";5632;"Договор купли-продажи";"05.2016";"08.2016";55000000,00;9765,63;;"Земли населенных пунктов";;;;"Ипотека";;;"64401000000";"Сахалинская область";;"Южно-Сахалинск";;"Ленина";;1;"Из учетных систем Росреестра";"Росреестр";"Не указан";"2004";"Не указан";"Не указан";"Сделка";6476223322
"50088020";"Земельный участок";"65:01:0405003";5632;"Договор купли-продажи";"03.2016";"03.2016";30000000,00;5326,70;;"Земли населенных пунктов";;;;"Ипотека";;;"64401000000";"Сахалинская область";;"Южно-Сахалинск";;"Ленина";;1;"Из учетных систем Росреестра";"Росреестр";"Не указан";"2004";"Не указан";"Не указан";"Сделка";6476223323
"50088020";"Земельный участок";"65:01:0405003";5632;"Договор купли-продажи";"07.2015";"07.2015";30000000,00;5326,70;;"Земли населенных пунктов";;;;"Ипотека";;;"64401000000";"Сахалинская область";;"Южно-Сахалинск";;"Ленина";;1;"Из учетных систем Росреестра";"Росреестр";"Не указан";"2004";"Не указан";"Не указан";"Сделка";6476223324
"50088020";"Земельный участок";"65:01:0405003";5632;"Договор купли-продажи";"06.2015";"06.2015";45000000,00;7990,06;;"Земли населенных пунктов";;;;"Ипотека";;;"64401000000";"Сахалинская область";;"Южно-Сахалинск";;"Ленина";;1;"Из учетных систем Росреестра";"Росреестр";"Не указан";"2004";"Не указан";"Не указан";"Сделка";6476223328
"50088020";"Земельный участок";"65:01:0405003";5632;"Договор купли-продажи";"04.2014";"04.2014";15000000,00;2663,35;;"Земли населенных пунктов";;;;"Ипотека";;;"64401000000";"Сахалинская область";;"Южно-Сахалинск";;"Ленина";;1;"Из учетных систем Росреестра";"Росреестр";"Не указан";"2004";"Не указан";"Не указан";"Сделка";6476223334
"50088020";"Земельный участок";"65:01:0405003";5632;"Договор купли-продажи";"07.2014";"07.2014";15000000,00;2663,35;;"Земли населенных пунктов";;;;"Ипотека";;;"64401000000";"Сахалинская область";;"Южно-Сахалинск";;"Ленина";;1;"Из учетных систем Росреестра";"Росреестр";"Не указан";"2004";"Не указан";"Не указан";"Сделка";6476223335
"53914020";"Земельный участок";"65:01:0204003";18438;"Договор купли-продажи";"09.2016";"09.2016";80000000,00;4338,87;"1/4";"Земли населенных пунктов";;;;"Ипотека";;;"64401000000";"Сахалинская область";;"Южно-Сахалинск";;"Холмская";;5;"Из учетных систем Росреестра";"Росреестр";"Не указан";"2002";"Не указан";"Не указан";"Сделка";6476340319
"199390020";"Земельный участок";"65:01:0107001";1500;"Договор купли-продажи";"09.2016";"09.2016";3370000,00;2246,67;;"Земли населенных пунктов";"Для ведения гражданами садоводства и огородничества";;;"Ипотека";;;"64401000000";"Сахалинская область";;"Южно-Сахалинск";;;;1;"Из учетных систем Росреестра";"Росреестр";"Не указан";"2010";"Не указан";"Не указан";"Сделка";6476340320
"53914020";"Земельный участок";"65:01:0204003";18438;"Договор купли-продажи";"09.2016";"09.2016";80000000,00;4338,87;"1/5";"Земли населенных пунктов";;;;"Ипотека";;;"64401000000";"Сахалинская область";;"Южно-Сахалинск";;"Холмская";;5;"Из учетных систем Росреестра";"Росреестр";"Не указан";"2002";"Не указан";"Не указан";"Сделка";6476340331
"53914020";"Земельный участок";"65:01:0204003";18438;"Договор купли-продажи";"09.2016";"09.2016";80000000,00;4338,87;"7/20";"Земли населенных пунктов";;;;"Ипотека";;;"64401000000";"Сахалинская область";;"Южно-Сахалинск";;"Холмская";;5;"Из учетных систем Росреестра";"Росреестр";"Не указан";"2002";"Не указан";"Не указан";"Сделка";6476340346
"53914020";"Земельный участок";"65:01:0204003";18438;"Договор купли-продажи";"09.2016";"09.2016";80000000,00;4338,87;"1/5";"Земли населенных пунктов";;;;"Ипотека";;;"64401000000";"Сахалинская область";;"Южно-Сахалинск";;"Холмская";;5;"Из учетных систем Росреестра";"Росреестр";"Не указан";"2002";"Не указан";"Не указан";"Сделка";6476340353
"167255020";"Земельный участок";"65:01:1001005";1001;"Договор купли-продажи";"09.2016";"09.2016";970000,00;969,03;;"Земли населенных пунктов";;;;"Ипотека";;;"64401000000";"Сахалинская область";;"Южно-Сахалинск";"Лиственничное";;;1;"Из учетных систем Росреестра";"Росреестр";"Не указан";"2009";"Не указан";"Не указан";"Сделка";6476423318
"214434020";"Земельный участок";"65:01:0102003";711;"Договор купли-продажи";"09.2016";"09.2016";599433,00;843,08;"1/3";"Земли населенных пунктов";;;;"Ипотека";;;"64401000000";"Сахалинская область";;"Южно-Сахалинск";;"Полевая";;3;"Из учетных систем Росреестра";"Росреестр";"Не указан";"2011";"Не указан";"Не указан";"Сделка";6476467312
"32277020";"Земельный участок";"65:01:0201002";800;"Договор купли-продажи";"09.2016";"09.2016";5000000,00;6250,00;;"Земли населенных пунктов";;;;"Ипотека";;;"64401000000";"Сахалинская область";;"Южно-Сахалинск";;;;2;"Из учетных систем Росреестра";"Росреестр";"Не указан";"2006";"Не указан";"Не указан";"Сделка";6476467314
"22063020";"Земельный участок";"65:01:0104001";808;"Договор купли-продажи";"09.2016";"09.2016";2700000,00;3341,58;;"Земли населенных пунктов";;;;"Ипотека";;;"64401000000";"Сахалинская область";;"Южно-Сахалинск";;"Круговая";;2;"Из учетных систем Росреестра";"Росреестр";"Не указан";"2002";"Не указан";"Не указан";"Сделка";6476467319
"22063020";"Земельный участок";"65:01:0104001";808;"Договор купли-продажи";"09.2016";"09.2016";2700000,00;3341,58;;"Земли населенных пунктов";;;;"Ипотека";;;"64401000000";"Сахалинская область";;"Южно-Сахалинск";;"Круговая";;2;"Из учетных систем Росреестра";"Росреестр";"Не указан";"2002";"Не указан";"Не указан";"Сделка";6476467320
"214434020";"Земельный участок";"65:01:0102003";711;"Договор купли-продажи";"09.2016";"09.2016";599433,00;843,08;"1/3";"Земли населенных пунктов";;;;"Ипотека";;;"64401000000";"Сахалинская область";;"Южно-Сахалинск";;"Полевая";;3;"Из учетных систем Росреестра";"Росреестр";"Не указан";"2011";"Не указан";"Не указан";"Сделка";6476467325
"214434020";"Земельный участок";"65:01:0102003";711;"Договор купли-продажи";"09.2016";"09.2016";599433,00;843,08;"1/3";"Земли населенных пунктов";;;;"Ипотека";;;"64401000000";"Сахалинская область";;"Южно-Сахалинск";;"Полевая";;3;"Из учетных систем Росреестра";"Росреестр";"Не указан";"2011";"Не указан";"Не указан";"Сделка";6476467331
"32277020";"Земельный участок";"65:01:0201002";800;"Договор купли-продажи";"09.2016";"09.2016";5000000,00;6250,00;;"Земли населенных пунктов";;;;"Ипотека";;;"64401000000";"Сахалинская область";;"Южно-Сахалинск";;;;2;"Из учетных систем Росреестра";"Росреестр";"Не указан";"2006";"Не указан";"Не указан";"Сделка";6476467333
"128749020";"Земельный участок";"65:01:0404001";644;"Договор купли-продажи";"09.2016";"09.2016";2480000,00;3850,93;;"Земли населенных пунктов";"Для ведения гражданами садоводства и огородничества";;;"Ипотека";;;"64401000000";"Сахалинская область";;"Южно-Сахалинск";;;;1;"Из учетных систем Росреестра";"Росреестр";"Не указан";"2007";"Не указан";"Не указан";"Сделка";6476517311
"325252020";"Земельный участок";"65:01:0205005";1386;"Договор купли-продажи";"08.2016";"09.2016";630903,00;455,20;"1/4";"Земли населенных пунктов";"Для ведения гражданами садоводства и огородничества";;;"Ипотека";;;"64401000000";"Сахалинская область";;"Южно-Сахалинск";;;;4;"Из учетных систем Росреестра";"Росреестр";"Не указан";"2013";"Не указан";"Не указан";"Сделка";6476517314
"325252020";"Земельный участок";"65:01:0205005";1386;"Договор купли-продажи";"08.2016";"09.2016";630903,00;455,20;"1/4";"Земли населенных пунктов";"Для ведения гражданами садоводства и огородничества";;;"Ипотека";;;"64401000000";"Сахалинская область";;"Южно-Сахалинск";;;;4;"Из учетных систем Росреестра";"Росреестр";"Не указан";"2013";"Не указан";"Не указан";"Сделка";6476517315
"325252020";"Земельный участок";"65:01:0205005";1386;"Договор купли-продажи";"08.2016";"09.2016";630903,00;455,20;"1/4";"Земли населенных пунктов";"Для ведения гражданами садоводства и огородничества";;;"Ипотека";;;"64401000000";"Сахалинская область";;"Южно-Сахалинск";;;;4;"Из учетных систем Росреестра";"Росреестр";"Не указан";"2013";"Не указан";"Не указан";"Сделка";6476517326
"325252020";"Земельный участок";"65:01:0205005";1386;"Договор купли-продажи";"08.2016";"09.2016";630903,00;455,20;"1/4";"Земли населенных пунктов";"Для ведения гражданами садоводства и огородничества";;;"Ипотека";;;"64401000000";"Сахалинская область";;"Южно-Сахалинск";;;;4;"Из учетных систем Росреестра";"Росреестр";"Не указан";"2013";"Не указан";"Не указан";"Сделка";6476517335
"325768020";"Земельный участок";"65:02:0000023";1462;"Договор купли-продажи";"09.2016";"09.2016";850000,00;581,40;;"Земли населенных пунктов";;;;"Ипотека";;;"64401000000";"Сахалинская область";;"Южно-Сахалинск";;;;1;"Из учетных систем Росреестра";"Росреестр";"Не указан";"2012";"Не указан";"Не указан";"Сделка";6476621317
"6595013";"Земельный участок";"65:22:0000015";1431,8;"Договор купли-продажи";"09.2016";"09.2016";15000000,00;10476,32;;"Земли населенных пунктов";;;;"Ипотека";;;"64232551000";"Сахалинская область";"Ногликский";;"Ноглики";"Новая";;1;"Из учетных систем Росреестра";"Росреестр";"Не указан";"2007";"Не указан";"Не указан";"Сделка";6476724319
"6022558587100";"Земельный участок";"65:24:0000020";628;"Договор купли-продажи";"09.2016";"09.2016";350000,00;557,32;;"Земли населенных пунктов";"Для объектов жилой застройки";;;"Ипотека";;;"64425000000";"Сахалинская область";"Охинский";"Оха";;"Комарова";;1;"Из учетных систем Росреестра";"Росреестр";"Не указан";"2000";"Не указан";"Не указан";"Сделка";6476724320
"35835009";"Земельный участок";"65:08:0000018";648;"Договор купли-продажи";"06.2015";"07.2015";623920,00;962,84;"1/4";"Земли населенных пунктов";"Для индивидуальной жилой застройки";;;"Ипотека";;;"64254000010";"Сахалинская область";"Холмский";;"Чехов";"Амурская";;4;"Из учетных систем Росреестра";"Росреестр";"Не указан";"2011";"Не указан";"Не указан";"Сделка";6476724324
"238918020";"Земельный участок";"65:01:0204004";800;"Договор купли-продажи";"09.2016";"09.2016";5000000,00;6250,00;;"Земли населенных пунктов";;;;"Ипотека";;;"64401000000";"Сахалинская область";;"Южно-Сахалинск";;"Добролюбова";;1;"Из учетных систем Росреестра";"Росреестр";"Не указан";"2011";"Не указан";"Не указан";"Сделка";6476724326
"14081020";"Земельный участок";"65:01:0201003";587;"Договор купли-продажи";"10.2015";"09.2016";2900000,00;4940,37;;"Земли населенных пунктов";;;;"Ипотека";;;"64401000000";"Сахалинская область";;"Южно-Сахалинск";;;;3;"Из учетных систем Росреестра";"Росреестр";"Не указан";"2000";"Не указан";"Не указан";"Сделка";6476763317
"127956020";"Земельный участок";"65:01:0801002";893;"Договор купли-продажи";"01.2016";"01.2016";4300000,00;4815,23;;"Земли населенных пунктов";"Для индивидуальной жилой застройки";;;"Ипотека";;;"64401000000";"Сахалинская область";;"Южно-Сахалинск";"Луговое";;;1;"Из учетных систем Росреестра";"Росреестр";"Не указан";"2007";"Не указан";"Не указан";"Сделка";6476763331
